{ "employees": [
	{
        "createdAt": "2015-07-18T19:41:01.125Z",
        "department": "Dekalb",
        "weight": "148",
        "name": "Jake Scott",
        "objectId": "1xnwPwwWVk",
        "height": "5'2'",
				"skills": [
					"White",
					"Blue Eyes",
					"Blonde Hair",
					"Male"
				],
        "title": "60324",
        "updatedAt": "2015-07-18T19:41:23.363Z"
    },
{
        "createdAt": "2015-07-18T19:46:30.742Z",
        "department": "Dekalb",
        "weight": "148",
        "name": "Sean Simmons",
        "objectId": "x7FHdo3YzB",
        "height": "6'2'",
        "skills": [
            "Asian",
            "Black Eyes",
            "Black Hair",
            "Male"
        ],
        "title": "60547",
        "updatedAt": "2015-07-18T19:51:04.296Z"
    },
	{
        "createdAt": "2015-07-18T19:45:52.574Z",
        "department": "Dekalb",
        "weight": "148",
        "name": "Ken Reid",
        "objectId": "Huu9atRWYU",
        "height": "5'8",
        "skills": [
            "White",
            "Green Eyes",
            "Red Hair",
            "Male"
        ],
        "title": "60545",
        "updatedAt": "2015-07-18T19:51:28.026Z"
    }
                ] }
